,predicted_median_days,user_id
641,45.2574913507703,503305861.0
850,12.027624706207575,512372136.0
935,12.797668800534877,512380035.0
912,12.63447847899449,512380035.0
930,12.854247212784472,512380035.0
